Date,Open,High,Low,Close,Adj Close,Volume
8/29/2013,16.0205,16.696501,16.0205,16.5485,13.708763,1225113
8/30/2013,16.0205,16.734501,16.0205,16.6985,13.833024,6568104
9/2/2013,16.8605,16.8825,16.3965,16.6985,13.833024,1054097
9/3/2013,16.7665,16.8505,16.2185,16.238501,13.451962,1248115
9/4/2013,16.220501,16.2665,16.0145,16.238501,13.451962,577053
9/5/2013,16.188499,16.3985,16.0345,16.3985,13.584507,1031595
9/6/2013,16.400499,16.5385,16.178499,16.3265,13.524859,1587146
9/9/2013,16.3265,16.546499,16.1985,16.546499,13.707108,1367626
9/10/2013,16.546499,16.870399,16.4765,16.8484,13.957204,1846170
9/11/2013,16.8444,17.016399,16.598499,17.016399,14.096372,2367218
9/12/2013,17.002399,17.024401,16.772499,16.8885,13.990417,2770255
9/13/2013,16.9044,16.9984,16.8225,16.8965,13.997046,1651652
9/16/2013,16.916401,16.964399,16.748501,16.964399,14.615544,1081599
9/17/2013,16.870399,17.044399,16.870399,16.9944,14.641396,1047596
9/18/2013,16.9804,17.1744,16.7465,17.090401,14.724104,1116103
9/19/2013,17.048401,17.4224,17.038401,17.4224,15.010135,949087
9/20/2013,17.3564,17.590401,17.1404,17.340401,14.939488,1480136
9/23/2013,17.3564,17.590401,17.1404,17.312401,14.915366,974590
9/24/2013,17.3564,17.590401,17.082399,17.242399,14.855061,888082
9/25/2013,17.2544,17.294399,17.110399,17.218399,14.834379,2057189
9/26/2013,17.370399,17.5784,17.3624,17.5504,15.120414,1623149
9/27/2013,17.496401,17.582399,17.398399,17.5084,15.084225,819075
9/30/2013,17.496401,17.582399,16.934401,16.934401,14.589702,2232705
10/1/2013,17.120399,17.1264,16.7325,17.062401,14.699978,775071
10/2/2013,17.066401,17.0884,16.8505,16.9624,14.613825,813075
10/3/2013,17.002399,17.0184,16.702499,16.9224,14.579364,766070
10/4/2013,16.9424,17.1364,16.7925,17.096399,14.729271,407037
10/7/2013,17.096399,17.096399,16.8564,16.958401,14.610381,747069
10/8/2013,16.9764,16.978399,16.598499,16.7185,14.403695,705065
10/9/2013,16.7285,16.8025,16.602501,16.6905,14.379572,1122603
10/10/2013,16.8004,16.8904,16.6385,16.8685,14.532926,627058
10/11/2013,16.8764,16.9384,16.7125,16.9384,14.593149,409538
10/14/2013,16.8484,17.176399,16.7945,17.0564,14.694811,944587
10/15/2013,17.0784,17.2784,16.9944,17.086399,14.720654,1601647
10/16/2013,17.114401,17.132401,16.8004,16.9384,14.593149,603055
10/17/2013,16.936399,17.1964,16.9004,17.1964,14.815425,598055
10/18/2013,17.114401,17.284401,17.0784,17.2784,14.886074,2172200
10/21/2013,17.2444,17.322399,17.044399,17.252399,14.863671,995592
10/22/2013,17.2684,17.4844,17.1744,17.3584,14.954996,780572
10/23/2013,17.252399,17.252399,16.8985,16.8985,14.558774,1032595
10/24/2013,16.954399,17.068399,16.8144,16.9984,14.644838,898583
10/25/2013,17.0044,17.1684,16.6985,17.100401,14.73272,1578645
10/28/2013,17.120399,17.1264,16.8584,17.124399,14.753394,2341215
10/29/2013,17.1164,17.1164,16.8244,16.978399,14.627609,1203111
10/30/2013,16.9744,17.0184,16.740499,16.8244,14.494933,1201110
10/31/2013,16.776501,16.8144,16.4405,16.688499,14.377848,4000868
11/1/2013,16.6985,16.8785,16.6145,16.8785,14.541544,1369626
11/4/2013,16.8384,16.8384,16.5425,16.6985,14.386464,1174608
11/5/2013,16.740499,16.740499,16.348499,16.4785,14.196928,899083
11/6/2013,16.5385,16.8944,16.5385,16.758499,14.438158,2120695
11/7/2013,16.762501,17.0784,16.7285,16.9904,14.637948,1392628
11/8/2013,16.9624,17.568399,16.9624,17.2484,14.860228,35848298
11/11/2013,16.9624,17.568399,16.9624,17.2484,14.860228,38092504
11/12/2013,17.298401,17.368401,16.758499,17.058399,14.696529,11605068
11/13/2013,17.0884,17.1884,16.8284,17.0284,14.670687,6329082
11/14/2013,17.2484,17.4984,17.048401,17.468399,15.049768,14087396
11/18/2013,17.3284,17.718399,17.308399,17.648399,15.204844,11103221
11/19/2013,17.5984,17.798401,17.0284,17.368401,14.963614,10155434
11/21/2013,17.2484,17.4184,17.148399,17.2684,14.877457,7543594
11/22/2013,17.2484,17.5984,17.1584,17.458401,15.041152,6171268
11/25/2013,17.4884,17.5884,17.048401,17.388399,14.980843,6124663
11/26/2013,17.2484,17.5984,17.1984,17.5984,15.161767,10973910
11/27/2013,17.5884,17.6984,17.228399,17.568399,15.135921,6223573
11/28/2013,17.638399,17.638399,17.3284,17.458401,15.041152,3787448
11/29/2013,17.458401,17.6884,17.368401,17.558399,15.127304,5433200
12/2/2013,17.398399,17.728399,17.368401,17.5084,15.084225,9479672
12/3/2013,17.4284,17.4884,16.8484,17.1584,14.782687,13016097
12/4/2013,17.2484,17.3584,16.578501,16.658501,14.352005,24109318
12/5/2013,17.2484,17.3584,16.578501,16.8484,14.515612,10777091
12/6/2013,17.0184,17.0884,16.7085,16.738501,14.420929,9054533
12/9/2013,16.8384,16.9984,16.6385,16.9984,14.644838,12387940
12/10/2013,16.9484,17.038401,16.6485,16.7985,14.472619,6047356
12/11/2013,16.7985,17.0084,16.7085,16.8685,14.532926,5159475
12/12/2013,16.9184,16.9284,16.5285,16.598499,14.300307,6680615
12/13/2013,16.6985,16.7785,16.238501,16.268499,14.016002,6148966
12/16/2013,16.3885,16.658501,16.2185,16.508499,14.222771,7415382
12/17/2013,16.5585,16.678499,16.268499,16.498501,14.214156,6698616
12/18/2013,16.588499,17.0284,16.5585,16.6985,14.386464,11059217
12/19/2013,16.9984,17.038401,16.658501,17.0284,14.670687,7495089
12/20/2013,16.9984,17.038401,16.818501,16.9484,14.601761,6244374
12/23/2013,16.9984,17.1884,16.9084,17.068399,14.705148,4880649
12/26/2013,16.9984,17.128401,16.9384,16.9384,14.593149,3575529
12/27/2013,16.9984,17.218399,16.9384,17.0984,14.730999,5348692
12/30/2013,17.1984,17.388399,17.048401,17.318399,14.920534,3843254
1/2/2014,17.298401,17.4984,17.1784,17.388399,14.980843,8036139
1/3/2014,17.4084,17.4384,16.8985,17.0184,14.662067,24922793
1/6/2014,16.9484,17.0884,16.5485,16.7985,14.472619,9355961
1/7/2014,17.038401,17.398399,16.9384,17.3284,14.929152,18755025
1/8/2014,17.3484,17.568399,17.2384,17.4984,15.075613,11446953
1/9/2014,17.458401,17.4884,17.0084,17.0884,14.722378,8830612
1/10/2014,17.0984,17.228399,16.8885,17.1984,14.817149,13848974
1/13/2014,17.1784,17.2684,17.0284,17.038401,14.679301,5076667
1/14/2014,17.0284,17.318399,16.958401,16.9884,14.636224,7152058
1/15/2014,17.118401,17.1984,16.9184,16.9984,14.731555,6173668
1/16/2014,17.0184,17.118401,16.678499,16.7785,14.540981,5865840
1/17/2014,16.818501,16.8584,16.598499,16.6385,14.419649,4786440
1/20/2014,16.6285,16.7985,16.568501,16.6985,14.47165,2769855
1/21/2014,16.8284,16.8885,16.818501,16.8985,14.644979,7059849
1/22/2014,17.0084,17.1584,16.9184,17.138399,14.852885,12216424
1/23/2014,16.9984,17.2384,16.5485,16.5485,14.341653,15451621
1/24/2014,16.7185,16.748501,16.098499,16.428499,14.237657,13559847
1/27/2014,16.438499,16.588499,16.0385,16.0385,13.899665,7639603
1/28/2014,16.2985,16.508499,16.098499,16.098499,13.951664,11095921
1/29/2014,16.1485,16.4785,15.8185,16.0485,13.908333,10996412
1/30/2014,16.0585,16.1485,15.6586,15.8685,13.752337,7576397
1/31/2014,15.7585,16.188499,15.4986,16.088499,13.942997,13303724
2/3/2014,15.9285,16.1485,15.4086,15.4986,13.431766,13795669
2/4/2014,15.5986,15.6786,15.2686,15.5686,13.492429,9327458
2/5/2014,15.5486,15.5886,15.1486,15.4386,13.379765,11624669
2/6/2014,15.4886,16.248501,15.3786,16.168501,14.012329,13695460
2/7/2014,16.078501,16.3985,15.9185,16.3885,14.202991,7470687
2/10/2014,16.2285,16.348499,15.9585,16.1385,13.986331,5477604
2/11/2014,16.238501,16.668501,16.158501,16.598499,14.384983,7956132
2/12/2014,16.598499,16.6485,16.068501,16.1485,13.994996,9754797
2/13/2014,16.008499,16.3685,15.7486,16.328501,14.150992,9251151
2/14/2014,16.3685,16.7085,16.318501,16.678499,14.454318,13057001
2/17/2014,16.668501,16.748501,16.2985,16.5585,14.35032,3928661
2/18/2014,16.428499,16.578501,16.068501,16.1485,13.994996,9351660
2/19/2014,15.9985,16.338499,15.8985,16.338499,14.159658,7265768
2/20/2014,16.2885,16.758499,16.0585,16.5285,14.324321,6814727
2/21/2014,16.498501,16.8584,16.3785,16.578501,14.367653,6931038
2/24/2014,16.568501,16.7785,16.3585,16.598499,14.384983,5324790
2/25/2014,16.4585,16.8384,16.3785,16.598499,14.384983,7052149
2/26/2014,16.8685,16.9884,16.658501,16.6985,14.47165,8180853
2/27/2014,16.768499,16.9884,16.658501,16.8885,14.636311,6807526
2/28/2014,16.8985,17.0284,16.6485,16.8785,14.627648,13450337
3/5/2014,16.7885,16.9884,16.498501,16.7985,14.558314,8656896
3/6/2014,16.8584,17.0084,16.7185,16.8685,14.618978,7522392
3/7/2014,16.8885,16.978399,16.678499,16.758499,14.52365,11885493
3/10/2014,16.738501,16.758499,16.428499,16.688499,14.462982,11190029
3/11/2014,16.688499,16.8885,16.498501,16.6985,14.47165,8054741
3/12/2014,16.598499,16.7785,16.5285,16.7185,14.488984,7650004
3/13/2014,16.7885,16.8085,16.418501,16.588499,14.376318,11626470
3/14/2014,16.588499,16.588499,16.348499,16.3585,14.176992,7894226
3/17/2014,16.4485,16.7085,16.268499,16.668501,14.44565,7711209
3/18/2014,16.6385,16.8085,16.6085,16.7885,14.549646,10998112
3/19/2014,16.598499,16.8484,16.4485,16.768499,14.532314,10147433
3/20/2014,16.678499,16.8085,16.5585,16.758499,14.52365,8947723
3/21/2014,16.6285,17.138399,16.6285,16.658501,14.436986,13438636
3/24/2014,16.7285,16.8284,16.6385,16.8284,14.584229,8815411
3/25/2014,16.8685,16.8885,16.6085,16.738501,14.506318,6984242
3/26/2014,16.8085,16.8584,16.598499,16.6485,14.42832,9479672
3/27/2014,16.7085,17.0984,16.6985,17.048401,14.774888,14215908
3/28/2014,17.0184,17.148399,16.8885,16.9484,14.688224,9632286
3/31/2014,16.9984,17.0784,16.8384,16.9484,14.688224,12501850
4/1/2014,16.9084,17.118401,16.7985,17.0984,14.818224,8833113
4/2/2014,17.128401,17.398399,17.0084,17.1684,14.878885,10020622
4/3/2014,17.1984,17.378401,17.0284,17.1784,14.939762,11137525
4/4/2014,17.3384,17.398399,16.8484,16.8985,14.696338,13775867
4/7/2014,17.1084,17.138399,16.8085,16.8985,14.696338,13267220
4/8/2014,17.048401,17.048401,16.678499,16.818501,14.626764,17932650
4/9/2014,16.7785,16.9284,16.6185,16.7985,14.609371,8194754
4/10/2014,16.7785,16.9884,16.738501,16.978399,14.765827,11303340
4/11/2014,16.8885,17.398399,16.768499,17.398399,15.131092,9667089
4/14/2014,17.378401,17.468399,17.1884,17.368401,15.105004,5725227
4/15/2014,17.1984,17.3384,16.9484,17.3384,15.078916,8395672
4/16/2014,17.3384,17.4884,17.1984,17.4884,15.209364,12197722
4/17/2014,17.478399,17.558399,17.298401,17.388399,15.122397,10705485
4/22/2014,17.3384,17.8484,17.3284,17.8384,15.513755,10918504
4/23/2014,17.788401,17.788401,17.5184,17.628401,15.331122,6314981
4/24/2014,17.6884,17.6984,17.208401,17.398399,15.131092,8689599
4/25/2014,17.368401,17.4384,17.1084,17.2684,15.018038,7613400
4/28/2014,17.1784,17.368401,17.148399,17.228399,14.983247,8445077
4/29/2014,17.4,17.450001,17.120001,17.16,14.92376,10052200
4/30/2014,16.6,16.700001,16.18,16.32,14.193228,39208800
5/2/2014,16.200001,16.379999,15.95,16.09,13.993199,34326000
5/5/2014,16.120001,16.59,16.02,16.5,14.349771,15848800
5/6/2014,16.52,16.719999,16.290001,16.65,14.480226,15193900
5/7/2014,16.6,16.620001,16.129999,16.299999,14.175834,13927300
5/8/2014,16.32,16.469999,16.219999,16.299999,14.175834,8742300
5/9/2014,16.299999,16.58,16.200001,16.530001,14.375862,11153400
5/12/2014,16.620001,16.709999,16.52,16.68,14.506315,7296800
5/13/2014,16.66,17.030001,16.459999,16.6,14.43674,16851600
5/14/2014,16.67,16.799999,16.58,16.700001,14.523708,7534700
5/15/2014,16.6,16.65,16.389999,16.5,14.349771,5050400
5/16/2014,16.540001,16.67,16.33,16.51,14.35847,8108100
5/19/2014,16.58,16.58,16.299999,16.49,14.341074,7758400
5/20/2014,16.42,16.700001,16.25,16.299999,14.175834,10390000
5/21/2014,16.34,16.530001,16.25,16.5,14.349771,10945300
5/22/2014,16.440001,16.719999,16.440001,16.719999,14.541102,7708800
5/23/2014,16.66,16.68,16.540001,16.58,14.419348,3863300
5/26/2014,16.65,16.68,16.469999,16.65,14.480226,3537900
5/27/2014,16.68,16.68,16.049999,16.120001,14.019292,11362700
5/28/2014,16.190001,16.25,16,16.15,14.045382,8350900
5/29/2014,16.200001,16.23,16.030001,16.15,14.045382,5279400
5/30/2014,16.059999,16.219999,15.85,15.86,13.793174,14181700
6/2/2014,15.93,16.32,15.9,16.27,14.149745,11627100
6/3/2014,16.290001,16.42,16.200001,16.35,14.219317,11366100
6/4/2014,16.290001,16.33,16.08,16.209999,14.097562,8087200
6/5/2014,16.23,16.33,15.95,16.08,13.984504,7873600
6/6/2014,16.32,16.389999,16.18,16.299999,14.175834,13354800
6/9/2014,16.290001,16.450001,16.219999,16.4,14.262804,12913200
6/10/2014,16.23,16.41,16.17,16.41,14.271501,13934700
6/11/2014,16.43,16.5,15.99,16.08,13.984504,16158900
6/13/2014,16.1,16.18,15.78,15.85,13.784476,10256100
6/16/2014,15.91,16,15.65,15.65,13.61054,12161300
6/17/2014,15.68,15.73,15.44,15.55,13.523572,5580700
6/18/2014,15.63,15.96,15.61,15.96,13.880143,9952600
6/20/2014,15.94,16.01,15.84,16,13.914929,7005200
6/23/2014,15.96,16.040001,15.64,15.65,13.61054,6544900
6/24/2014,15.66,15.72,15.57,15.58,13.549663,12096100
6/25/2014,15.6,15.75,15.5,15.51,13.488785,9315300
6/26/2014,15.62,15.75,15.51,15.68,13.636632,8465600
6/27/2014,15.64,15.72,15.5,15.54,13.514873,6190100
6/30/2014,15.52,15.76,15.5,15.76,13.706206,10318600
7/1/2014,15.78,16.030001,15.71,16.030001,13.941021,7914700
7/2/2014,15.99,16,15.82,16,13.914929,9302200
7/3/2014,15.86,16.299999,15.83,16.26,14.141048,9697500
7/4/2014,16.26,16.360001,16.07,16.32,14.193228,2821300
7/7/2014,16.25,16.25,16.02,16.030001,13.941021,7228500
7/8/2014,16.08,16.120001,15.92,16.07,13.975808,5275900
7/10/2014,16.040001,16.23,15.65,15.67,13.627932,30097500
7/11/2014,15.65,15.75,15.62,15.66,13.619236,10100300
7/14/2014,15.86,15.87,15.5,15.6,13.567055,16418000
7/15/2014,15.63,15.72,15.52,15.71,13.662723,14963500
7/16/2014,15.75,16.059999,15.7,16.02,13.932323,12182200
7/17/2014,15.99,16.33,15.94,16.200001,14.088866,11484800
7/18/2014,16.299999,16.629999,16.26,16.629999,14.46283,19551900
7/21/2014,16.59,16.879999,16.51,16.799999,14.610677,9746400
7/22/2014,16.82,16.82,16.559999,16.67,14.497616,8577000
7/23/2014,16.5,16.68,16.389999,16.43,14.288896,7539200
7/24/2014,16.549999,16.76,16.51,16.719999,14.541102,5597600
7/25/2014,16.74,16.790001,16.57,16.6,14.43674,12715100
7/28/2014,16.639999,16.719999,16.450001,16.309999,14.184531,8601200
7/29/2014,16.299999,16.58,16.219999,16.4,14.404105,5442100
7/30/2014,16.5,16.540001,16.34,16.4,14.404105,7203600
7/31/2014,16.049999,16.120001,15.62,15.67,13.762947,20162600
8/1/2014,15.69,15.77,15.55,15.61,13.71025,10414700
8/4/2014,15.68,15.73,15.42,15.63,13.727815,11224700
8/5/2014,15.62,15.65,15.27,15.33,13.464327,11756200
8/6/2014,15.34,15.59,15.01,15.46,13.578506,25308600
8/7/2014,15.55,15.69,15.5,15.55,13.657553,9869200
8/8/2014,15.47,15.7,15.45,15.7,13.789295,14025500
8/11/2014,15.81,15.92,15.69,15.87,13.938606,9001000
8/12/2014,15.77,15.94,15.7,15.83,13.903477,6177300
8/13/2014,15.83,15.93,15.43,15.69,13.780514,15093600
8/14/2014,15.59,15.75,15.54,15.72,13.806865,7253000
8/15/2014,15.81,15.94,15.62,15.9,13.964956,9729900
8/18/2014,15.99,16.15,15.91,16.139999,14.175747,15501000
8/19/2014,16.190001,16.35,16.07,16.299999,14.316276,20082200
8/20/2014,16.23,16.450001,16.209999,16.379999,14.386539,8109500
8/21/2014,16.35,16.440001,16.1,16.309999,14.325059,10410900
8/22/2014,16.219999,16.35,16.120001,16.25,14.272363,10657400
8/25/2014,16.389999,16.709999,16.309999,16.620001,14.597331,9777600
8/26/2014,16.67,16.790001,16.4,16.549999,14.535849,9090400
8/27/2014,16.66,16.66,16.450001,16.549999,14.535849,13246600
8/28/2014,16.450001,16.639999,16.27,16.32,14.33384,11777000
8/29/2014,16.5,16.5,16.23,16.370001,14.377756,21532500
9/1/2014,16.42,16.49,15.9,15.96,14.017654,8380200
9/2/2014,16.049999,16.15,15.84,15.97,14.026438,11798200
9/3/2014,15.97,16.299999,15.97,16.23,14.254795,9651600
9/4/2014,16.16,16.370001,16.049999,16.35,14.360189,10011900
9/5/2014,16.299999,16.379999,16,16,14.052786,7112000
9/8/2014,16.200001,16.23,15.63,15.76,13.841995,11263300
9/9/2014,15.62,15.78,15.57,15.7,13.789295,13838100
9/10/2014,15.58,15.95,15.53,15.93,13.991306,10853200
9/11/2014,16,16.129999,15.72,15.8,13.877127,9283200
9/12/2014,15.6,16,15.43,15.47,13.587288,16422900
9/15/2014,15.54,16.049999,15.52,16.030001,14.079135,10758600
9/16/2014,16.049999,16.52,16,16.23,14.254795,16441500
9/17/2014,16.35,16.41,15.87,15.95,14.008871,13583900
9/18/2014,15.96,16.450001,15.81,16.18,14.210879,19724800
9/19/2014,16.200001,16.530001,16.120001,16.4,14.404105,14613300
9/22/2014,16.18,16.48,16.16,16.440001,14.43924,12190200
9/23/2014,16.209999,16.450001,16.18,16.389999,14.395322,9434200
9/24/2014,16.41,16.540001,16.129999,16.5,14.491936,9968600
9/25/2014,16.35,16.49,16.17,16.360001,14.368974,867200
9/26/2014,16.4,16.559999,16.24,16.41,14.412889,7688500
9/29/2014,16.110001,16.209999,15.81,16.16,14.193313,17476600
9/30/2014,16.049999,16.23,15.93,16.040001,14.087917,11496800
10/1/2014,15.85,16.02,15.4,15.6,13.701466,19352200
10/2/2014,15.55,15.99,15.3,15.97,14.026438,14969800
10/3/2014,15.96,16.290001,15.69,16.200001,14.228448,11531300
10/6/2014,16.620001,16.93,16.379999,16.620001,14.597331,26458000
10/7/2014,16.77,16.799999,16.35,16.440001,14.43924,14683400
10/8/2014,16.6,16.66,16.02,16.139999,14.175747,15597800
10/9/2014,16.4,16.48,16.049999,16.1,14.140615,12012400
10/10/2014,15.7,15.7,15.7,15.7,13.789295,11196500
10/13/2014,16.18,16.33,15.88,16.07,14.114267,12509300
10/14/2014,15.99,16.299999,15.96,16.129999,14.166965,8466000
10/15/2014,15.89,16.059999,15.6,15.77,13.850776,16817900
10/16/2014,15.5,15.96,15.43,15.55,13.657553,14057300
10/17/2014,15.88,16.219999,15.58,16.07,14.114267,14271800
10/20/2014,15.98,16.18,15.76,15.91,13.973739,11359100
10/21/2014,15.67,15.67,15.67,15.67,13.762947,21468300
10/22/2014,15.59,15.84,15.42,15.53,13.639984,13746500
10/23/2014,15.38,15.48,15.01,15.19,13.341364,31807600
10/24/2014,15.25,15.83,14.99,15.7,13.789295,26234200
10/27/2014,15.02,15.66,14.95,15.6,13.701466,46495900
10/28/2014,15.56,15.81,15.38,15.62,13.915273,15719000
10/29/2014,15.49,15.84,15.47,15.63,13.924183,13443000
10/30/2014,15.69,15.79,15.51,15.71,13.995455,12504200
10/31/2014,15.6,16.48,15.26,16.4,14.610146,26148800
11/3/2014,16.200001,16.27,15.94,16.200001,14.431974,13574300
11/4/2014,16.299999,16.360001,15.95,16.35,14.565603,11017300
11/5/2014,16.16,16.450001,16.15,16.35,14.565603,11559200
11/6/2014,16.17,16.33,16.08,16.290001,14.51215,15477700
11/7/2014,16.27,16.59,16.16,16.440001,14.64578,10395500
11/10/2014,16.540001,16.549999,16.24,16.32,14.538877,7753100
11/11/2014,16.15,16.209999,15.84,16,14.253802,9231300
11/12/2014,15.94,16.5,15.81,16.370001,14.583421,13310200
11/13/2014,16.32,16.52,16,16,14.253802,10536400
11/14/2014,15.89,16.129999,15.75,15.82,14.093447,14564600
11/17/2014,15.74,16.120001,15.7,15.87,14.137989,6613500
11/18/2014,16.030001,16.190001,15.91,16.18,14.414157,9038600
11/19/2014,16.16,16.59,16.129999,16.540001,14.73487,14954900
11/21/2014,16.49,17.26,16.49,17.129999,15.260474,22232300
11/24/2014,17.280001,17.450001,16.780001,16.870001,15.028854,12896300
11/25/2014,16.9,17.040001,16.700001,16.83,14.99322,16417000
11/26/2014,17,17.049999,16.540001,16.639999,14.823953,9459900
11/27/2014,16.57,16.92,16.48,16.559999,14.752685,5584200
11/28/2014,16.67,16.940001,16.59,16.76,14.930857,9631500
12/1/2014,16.52,16.52,15.85,16,14.253802,287695249
12/2/2014,16.1,16.16,15.61,15.62,13.915273,275061900
12/3/2014,15.81,15.98,15.67,15.68,13.968728,7758500
12/4/2014,15.85,15.92,15.48,15.7,13.986544,9778600
12/5/2014,15.8,16.030001,15.65,15.95,14.209258,9261100
12/8/2014,15.99,16.01,15.65,15.78,14.057814,12177500
12/9/2014,15.7,15.82,15.32,15.66,13.95091,12507800
12/10/2014,15.67,15.88,15.57,15.8,14.07563,7907700
12/11/2014,15.82,16.030001,15.59,15.89,14.155807,15724200
12/12/2014,15.8,15.94,15.48,15.51,13.817281,14126900
12/15/2014,15.62,15.8,15,15.58,13.87964,15279100
12/16/2014,15.22,15.99,15.2,15.6,13.897457,16371500
12/17/2014,15.6,15.99,15.4,15.73,14.013267,24300900
12/18/2014,15.89,16.07,15.7,15.84,14.111265,10669900
12/19/2014,16.040001,16.09,15.81,16.08,14.32507,10141800
12/22/2014,16,16.35,15.89,16.34,14.556695,7424300
12/23/2014,16.25,16.4,16.129999,16.27,14.494335,6209200
12/26/2014,16.299999,16.49,16.190001,16.219999,14.44979,4132400
12/29/2014,16.200001,16.58,16.139999,16.48,14.681413,5159400
12/30/2014,16.450001,16.58,16.27,16.290001,14.51215,9878000
1/2/2015,16.139999,16.559999,15.77,16.02,14.386427,19396500
1/5/2015,15.91,15.97,15.54,15.73,14.125998,13795900
1/6/2015,15.73,16.42,15.56,16.33,14.664815,18610500
1/7/2015,16.34,16.719999,16.139999,16.559999,14.871364,20493500
1/8/2015,16.43,16.68,16.26,16.540001,14.940011,9054500
1/9/2015,16.469999,16.65,16.299999,16.5,14.90388,11695700
1/12/2015,16.549999,16.82,16.41,16.709999,15.093565,11265500
1/13/2015,16.700001,16.99,16.66,16.709999,15.093565,19614100
1/14/2015,16.530001,16.799999,16.530001,16.76,15.138731,9324100
1/15/2015,16.690001,16.99,16.610001,16.790001,15.165831,12612300
1/16/2015,16.74,17,16.690001,16.91,15.274219,9191600
1/19/2015,16.809999,16.9,16.540001,16.6,14.994205,6363500
1/20/2015,16.780001,16.950001,16.690001,16.9,15.265185,7114500
1/21/2015,16.950001,17.200001,16.84,17.09,15.436808,9327600
1/22/2015,17.200001,17.4,16.98,17.280001,15.608429,13341900
1/23/2015,17.049999,17.209999,16.99,17.030001,15.382612,7567000
1/26/2015,16.879999,17.120001,16.809999,16.99,15.346478,7286700
1/27/2015,16.870001,17.030001,16.77,16.959999,15.319383,10007400
1/28/2015,16.83,17.18,16.780001,17.030001,15.382612,9768700
1/29/2015,17.08,17.719999,16.950001,17.66,15.951665,17203000
1/30/2015,17.440001,17.870001,17.309999,17.690001,15.978771,19490600
2/2/2015,17.52,17.629999,17.280001,17.49,15.798113,9556100
2/3/2015,17.58,17.719999,17.379999,17.549999,15.85231,10228200
2/4/2015,17.52,17.700001,17.219999,17.34,15.662624,12135600
2/5/2015,17.34,17.74,17.16,17.74,16.02393,10794300
2/6/2015,17.59,17.92,17.35,17.91,16.177486,10346700
2/9/2015,17.879999,18.200001,17.75,18.17,16.412334,10351800
2/10/2015,18.059999,18.129999,17.83,18.040001,16.294909,10680600
2/11/2015,17.969999,18.07,17.68,18.040001,16.294909,12420900
2/12/2015,18.09,18.190001,17.959999,18.09,16.340073,10312000
2/13/2015,18.139999,18.219999,17.809999,18,16.258776,9207400
2/18/2015,18.129999,18.379999,18.049999,18.200001,16.439434,12971300
2/19/2015,18.16,18.360001,18.059999,18.23,16.46653,4536700
2/20/2015,18.290001,18.299999,18.049999,18.17,16.412334,5547500
2/23/2015,18.16,18.48,18.16,18.48,16.692345,9354500
2/24/2015,18.48,18.6,18.360001,18.48,16.692345,10065500
2/25/2015,18.440001,18.440001,18.17,18.25,16.484594,9801500
2/26/2015,18.389999,18.49,18.08,18.49,16.701382,15277800
2/27/2015,18.309999,18.879999,18.290001,18.309999,16.538794,19534900
3/2/2015,18.309999,18.33,18.030001,18.1,16.429865,9160400
3/3/2015,18.18,18.52,18.049999,18.43,16.729416,9012500
3/4/2015,18.139999,18.42,18,18.309999,16.620485,12821800
3/5/2015,18.34,18.530001,18.209999,18.360001,16.665874,23429800
3/6/2015,18.370001,18.440001,18.110001,18.23,16.547867,7333600
3/9/2015,18.110001,18.32,18.02,18.24,16.556946,10550500
3/10/2015,18.18,18.290001,17.35,17.700001,16.066776,13599600
3/11/2015,17.65,18.190001,17.6,18.139999,16.466173,9992700
3/12/2015,18.299999,18.370001,17.84,18.040001,16.375399,11867600
3/13/2015,17.59,18.190001,17.5,18.139999,16.466173,16727500
3/16/2015,18.25,18.360001,17.959999,18,16.339087,8016300
3/17/2015,18.18,18.309999,18.030001,18.17,16.493402,11610600
3/18/2015,18.139999,18.700001,18.08,18.43,16.729416,14337800
3/19/2015,18.389999,18.6,18.299999,18.5,16.792953,7329200
3/20/2015,18.66,18.9,18.57,18.67,16.947269,16893900
3/23/2015,18.709999,18.969999,18.57,18.84,17.101583,8901700
3/24/2015,18.85,18.889999,18.42,18.65,16.929115,8195300
3/25/2015,18.74,18.9,18.379999,18.42,16.720335,11088000
3/26/2015,18.33,18.379999,18.02,18.08,16.411713,16105200
3/27/2015,18.08,18.370001,18,18.280001,16.59326,9339600
3/30/2015,18.27,18.65,18.27,18.65,16.929115,7648500
3/31/2015,18.4,18.610001,18.32,18.48,16.774801,8654300
4/1/2015,18.65,19,18.42,18.950001,17.201431,19780900
4/2/2015,18.85,19.059999,18.690001,18.85,17.110661,16451500
4/6/2015,18.99,19.379999,18.92,19.24,17.46467,10617600
4/7/2015,19.389999,19.6,19.25,19.440001,17.646221,10859100
4/8/2015,19.639999,19.690001,19.299999,19.43,17.63714,11241600
4/9/2015,19.379999,19.620001,19.219999,19.33,17.546368,9188900
4/10/2015,19.290001,19.59,19.25,19.52,17.718838,10474500
4/13/2015,19.41,19.610001,19.41,19.41,17.61899,7812300
4/14/2015,19.52,19.540001,19.059999,19.120001,17.355743,9021900
4/15/2015,19.290001,19.360001,19,19.139999,17.373896,11306200
4/16/2015,19.040001,19.129999,18.93,19.1,17.337591,10102200
4/17/2015,19,19.190001,18.940001,19.07,17.310358,9685500
4/20/2015,19,19.18,18.75,18.889999,17.146967,9854000
4/22/2015,18.969999,19,18.73,18.959999,17.21051,10326700
4/23/2015,18.92,19.049999,18.709999,18.860001,17.11974,11694800
4/24/2015,19.030001,19.1,18.85,18.93,17.183277,9154900
4/27/2015,18.99,19.049999,18.709999,18.799999,17.065269,12587700
4/28/2015,18.99,18.99,18.610001,18.9,17.156044,10194900
4/29/2015,18.77,18.91,18.73,18.85,17.110661,8790600
4/30/2015,18.75,19,18.75,18.950001,17.201431,9396600
5/4/2015,19.030001,19.48,19,19.34,17.555449,9874100
5/5/2015,19.200001,19.73,19.129999,19.57,17.764225,11569000
5/6/2015,19.75,20.290001,19.540001,19.84,18.00931,19716900
5/7/2015,19.719999,19.780001,19.459999,19.51,17.709763,6641700
5/8/2015,19.780001,19.92,19.52,19.879999,18.045614,10733600
5/11/2015,19.75,19.879999,19.65,19.73,17.909458,5292100
5/12/2015,19.68,19.790001,19.42,19.440001,17.646221,12868700
5/13/2015,19.48,19.52,19.26,19.5,17.70068,6990900
5/14/2015,19.549999,19.67,19.32,19.4,17.609907,7393500
5/15/2015,19.34,19.700001,19.34,19.67,17.854996,9548600
5/18/2015,19.58,19.76,19.25,19.280001,17.500982,11291500
5/19/2015,19.379999,19.43,19.15,19.24,17.46467,8007400
5/20/2015,19,19.09,18.35,18.48,16.774801,11007100
5/21/2015,18.51,18.889999,18.450001,18.84,17.101583,10942700
5/22/2015,18.879999,18.99,18.59,18.75,17.019888,12629700
5/25/2015,18.74,18.950001,18.59,18.9,17.156044,2710100
5/26/2015,18.68,18.9,18.450001,18.530001,16.820189,10073800
5/27/2015,18.450001,18.57,18.27,18.5,16.792953,9311200
5/28/2015,18.299999,18.540001,18.15,18.48,16.774801,8894300
5/29/2015,18.35,18.549999,18.219999,18.530001,16.820189,19991200
6/1/2015,18.5,18.67,18.48,18.6,16.88373,11308900
6/2/2015,18.58,18.620001,18.4,18.549999,16.929361,12307700
6/3/2015,18.57,18.57,18.09,18.42,16.810715,20628200
6/5/2015,18.5,18.700001,18.34,18.700001,17.066252,15198600
6/8/2015,18.66,18.809999,18.459999,18.459999,16.847221,17427000
6/9/2015,18.450001,18.559999,18.4,18.530001,16.911106,15863100
6/10/2015,18.68,18.83,18.51,18.76,17.121012,10555700
6/11/2015,18.809999,18.99,18.67,18.67,17.038874,12381300
6/12/2015,18.629999,18.809999,18.610001,18.74,17.102758,13970800
6/15/2015,18.530001,18.559999,18.299999,18.299999,16.7012,9410400
6/16/2015,18.549999,18.870001,18.469999,18.73,17.093634,13264500
6/17/2015,18.65,18.74,18.5,18.66,17.029751,9599400
6/18/2015,18.74,18.93,18.459999,18.67,17.038874,11190200
6/19/2015,18.59,18.91,18.59,18.870001,17.221405,13488500
6/22/2015,18.98,19.16,18.879999,18.950001,17.294413,10484300
6/23/2015,19.1,19.200001,18.91,18.91,17.25791,7479100
6/24/2015,19.02,19.129999,18.889999,18.9,17.248779,6618200
6/25/2015,18.93,18.98,18.75,18.92,17.267035,8910400
6/26/2015,18.889999,19.24,18.860001,19.139999,17.46781,10507500
6/29/2015,19.1,19.1,18.91,18.959999,17.303537,6181200
6/30/2015,19,19.17,18.940001,18.99,17.330919,19852600
7/1/2015,19.049999,19.27,19.049999,19.129999,17.458687,11488900
7/2/2015,19.23,19.34,19.02,19.040001,17.376553,9698500
7/3/2015,19.01,19.200001,18.92,19.15,17.476938,3145100
7/6/2015,18.969999,19.280001,18.950001,19.219999,17.540821,7129500
7/7/2015,19.07,19.35,19.030001,19.309999,17.622963,9841600
7/8/2015,19.24,19.34,19.09,19.1,17.431305,8821900
7/10/2015,19.299999,19.610001,19.200001,19.43,17.732477,16642900
7/13/2015,19.57,19.75,19.530001,19.540001,17.832869,10619500
7/14/2015,19.51,19.700001,19.440001,19.65,17.933256,9391200
7/15/2015,19.530001,19.75,19.530001,19.75,18.024519,9788200
7/16/2015,19.799999,19.889999,19.559999,19.73,18.006266,10172500
7/17/2015,19.690001,19.889999,19.620001,19.700001,17.978889,11119200
7/20/2015,19.709999,19.82,19.6,19.74,18.015392,9206000
7/21/2015,19.780001,19.85,19.469999,19.620001,17.905876,7856200
7/22/2015,19.48,19.780001,19.34,19.530001,17.823744,7946000
7/23/2015,19.33,19.48,19.15,19.190001,17.513447,13250100
7/24/2015,19.23,19.280001,18.91,18.959999,17.303537,12659100
7/27/2015,18.93,19.040001,18.639999,18.68,17.048004,11884500
7/28/2015,18.799999,18.9,18.389999,18.790001,17.148392,13952400
7/29/2015,18.65,18.950001,18.57,18.610001,16.984116,13833800
7/30/2015,18.77,18.98,18.690001,18.889999,17.239656,10116700
7/31/2015,19.02,19.48,18.959999,19.469999,17.76898,13350700
8/3/2015,19.35,19.639999,19.32,19.6,17.887625,8680800
8/4/2015,19.459999,19.74,19.459999,19.73,18.006266,9232200
8/5/2015,19.799999,19.959999,19.57,19.950001,18.207045,8460200
8/6/2015,19.82,20.059999,19.709999,19.879999,18.14316,13756600
8/7/2015,19.76,19.85,19.370001,19.379999,17.686848,10133400
8/10/2015,19.52,19.700001,19.440001,19.540001,17.832869,8460300
8/11/2015,19.57,19.75,19.35,19.73,18.006266,11079800
8/12/2015,19.5,19.65,18.780001,18.9,17.248779,26481200
8/13/2015,18.969999,19.139999,18.610001,18.66,17.029751,11600900
8/14/2015,18.68,18.799999,18.559999,18.559999,16.938484,8693600
8/17/2015,18.6,18.75,18.5,18.59,16.965864,10787900
8/18/2015,18.540001,19.23,18.459999,18.68,17.048004,18604700
8/19/2015,18.559999,18.799999,18.110001,18.120001,16.536926,16872800
8/20/2015,18.049999,18.52,17.93,18.48,16.865475,13520800
8/21/2015,18.32,18.43,18,18.059999,16.482166,12298100
8/24/2015,17.35,18.09,16.959999,18.08,16.500418,26010200
8/25/2015,18.379999,18.6,18.1,18.309999,16.710325,23538400
8/26/2015,18.52,18.9,18.43,18.860001,17.212278,14208800
8/27/2015,19,19.35,18.75,19.059999,17.394804,16167900
8/28/2015,19.02,19.25,18.82,19.24,17.559076,11792500
8/31/2015,19,19.15,18.549999,19.09,17.42218,22414200
9/1/2015,18.65,19,18.620001,18.709999,17.07538,14942800
9/2/2015,18.870001,19.17,18.65,19.139999,17.46781,16775500
9/3/2015,19.280001,19.68,18.959999,19.629999,17.915007,19103600
9/4/2015,19.450001,19.870001,19.379999,19.85,18.115786,29001000
9/8/2015,20.07,20.18,19.450001,19.610001,17.896753,12962200
9/9/2015,19.65,19.82,19.139999,19.209999,17.666834,12570100
9/10/2015,18.620001,19.440001,18.549999,19.17,17.630047,15656500
9/11/2015,19.08,19.129999,18.75,18.860001,17.344954,12074800
9/14/2015,18.9,19.030001,18.68,18.860001,17.344954,16419800
9/15/2015,18.940001,19.200001,18.809999,19.059999,17.528885,12608700
9/16/2015,19.5,19.629999,19.219999,19.450001,17.887558,33098100
9/17/2015,19.27,19.77,19.26,19.49,17.924343,15112200
9/18/2015,19.299999,19.77,19.219999,19.469999,17.905947,17755500
9/21/2015,19.26,19.6,19.209999,19.33,17.777193,8304700
9/22/2015,19.209999,19.440001,19.08,19.4,17.841572,12341600
9/23/2015,19.42,19.440001,19.1,19.17,17.630047,14577900
9/24/2015,18.85,19.33,18.709999,19.120001,17.584063,12388600
9/25/2015,19.299999,19.719999,19.040001,19.299999,17.749601,8973300
9/28/2015,19.32,19.41,19.049999,19.280001,17.731209,8048100
9/29/2015,19.280001,19.530001,19.200001,19.360001,17.804787,9049600
9/30/2015,19.6,19.75,19.35,19.42,17.859966,12317500
10/1/2015,19.41,19.809999,19.35,19.700001,18.117474,11101400
10/2/2015,19.59,20.120001,19.559999,20.059999,18.448553,10206500
10/5/2015,20.33,20.459999,20.190001,20.35,18.71526,7815300
10/6/2015,20.4,20.440001,19.719999,19.889999,18.29221,11701900
10/7/2015,20.110001,20.15,19.84,20,18.393372,14611300
10/8/2015,20,20.139999,19.530001,19.68,18.099077,16584900
10/9/2015,19.950001,19.950001,19.379999,19.790001,18.200241,10745500
10/13/2015,19.75,19.75,18.52,18.700001,17.197802,26310900
10/14/2015,18.700001,19.059999,18.299999,18.4,16.921904,33641900
10/15/2015,18.540001,19.209999,18.26,19.110001,17.574867,22550400
10/16/2015,19.15,19.459999,18.85,19.290001,17.740406,12205300
10/19/2015,19.299999,19.469999,19.110001,19.469999,17.905947,7638800
10/20/2015,19.43,19.58,19.219999,19.58,18.007113,8221200
10/21/2015,19.65,19.889999,19.540001,19.700001,18.117474,12448700
10/22/2015,19.709999,19.940001,19.5,19.66,18.080688,15198200
10/23/2015,20.040001,20.040001,19.68,19.77,18.181847,8648600
10/26/2015,19.799999,19.870001,19.57,19.68,18.099077,7122600
10/27/2015,19.6,19.860001,19.469999,19.809999,18.218636,13534100
10/28/2015,19.629999,19.66,19.450001,19.639999,18.062294,1124700
10/29/2015,19.120001,19.379999,19,19,17.473705,9370500
10/30/2015,18.870001,19.26,18.700001,19.09,17.556473,11964400
11/3/2015,19.1,19.6,18.940001,19.6,18.025505,13504000
11/4/2015,19.690001,19.790001,19.25,19.6,18.025505,10152800
11/5/2015,19.49,19.66,19.24,19.459999,17.896751,9123700
11/6/2015,19.370001,19.440001,18.860001,18.969999,17.44611,8831000
11/9/2015,18.969999,19.1,18.530001,18.700001,17.197802,7940700
11/10/2015,18.57,18.690001,18.200001,18.65,17.151819,10882400
11/11/2015,18.709999,19.08,18.700001,19.059999,17.528885,10527800
11/12/2015,19.049999,19.299999,18.799999,18.889999,17.372541,9205400
11/13/2015,18.889999,19.190001,18.77,19.1,17.565668,9777100
11/16/2015,19.059999,19.24,18.889999,19.049999,17.519686,13456500
11/17/2015,19.299999,19.299999,19.08,19.120001,17.584063,6661900
11/18/2015,19.120001,19.42,19.07,19.17,17.630047,8395900
11/19/2015,19.41,19.450001,19.17,19.35,17.795588,11994500
11/23/2015,19.360001,19.5,19.030001,19.059999,17.528885,13950500
11/24/2015,19.049999,19.07,18.76,18.940001,17.418526,6897800
11/25/2015,18.719999,18.889999,18.440001,18.6,17.105835,18395700
11/26/2015,18.6,18.879999,18.58,18.809999,17.298967,7722000
11/27/2015,18.77,18.809999,18.549999,18.57,17.078245,9169000
11/30/2015,18.450001,18.98,18.4,18.639999,17.142624,39865300
12/1/2015,18.68,18.780001,18.5,18.73,17.225393,21176800
12/2/2015,18.67,18.75,18.42,18.440001,16.958691,14178100
12/3/2015,19.049999,19.08,18.559999,18.75,17.243786,12319500
12/4/2015,18.690001,18.879999,18.48,18.540001,17.050659,10060000
12/7/2015,18.639999,18.780001,18.5,18.6,17.105835,8980300
12/8/2015,18.6,18.719999,18.1,18.139999,16.682789,11347300
12/9/2015,18.389999,18.709999,18.25,18.48,16.995476,16476700
12/10/2015,18.559999,18.559999,18.120001,18.299999,16.829935,7703100
12/11/2015,18.209999,18.58,18.17,18.280001,16.811544,12966500
12/14/2015,18.25,18.35,18,18.049999,16.600018,5611300
12/15/2015,18.15,18.280001,17.85,17.85,16.416088,7791500
12/16/2015,17.77,18.25,17.709999,18.139999,16.682789,7726900
12/17/2015,18.450001,18.84,17.99,18.15,16.691986,12367200
12/18/2015,17.85,18.110001,17.65,17.799999,16.370102,17657600
12/21/2015,17.799999,18.299999,17.799999,18,16.554037,10020100
12/22/2015,18,18.030001,17.629999,17.950001,16.646776,8177900
12/23/2015,18.049999,18.25,17.9,18.200001,16.878628,17338900
12/28/2015,18.120001,18.219999,18,18.139999,16.822981,6944200
12/29/2015,18.09,18.290001,18.049999,18.200001,16.878628,5349200
12/30/2015,18.110001,18.290001,17.85,17.85,16.554039,12124900
1/4/2016,17.73,17.73,17.209999,17.209999,15.960501,13206900
1/5/2016,17.25,17.52,17.110001,17.48,16.210897,10774200
1/6/2016,17.360001,17.48,17.200001,17.309999,16.053242,7739100
1/7/2016,17.17,17.32,16.85,16.85,15.626639,15316400
1/8/2016,16.93,17.200001,16.93,17.07,15.830664,10684000
1/11/2016,17.190001,17.290001,16.75,16.799999,15.580268,12772700
1/12/2016,16.940001,17.040001,16.780001,16.98,15.747199,9573800
1/13/2016,17.120001,17.25,16.719999,16.83,15.608092,10709300
1/14/2016,16.940001,16.940001,16.52,16.85,15.626639,12325600
1/15/2016,16.65,16.700001,15.99,16.59,15.385513,19870300
1/18/2016,16.530001,16.559999,16.24,16.24,15.060928,9267800
1/19/2016,16.51,16.85,16.41,16.75,15.533898,9628400
1/20/2016,16.530001,16.74,16.309999,16.540001,15.339146,12363400
1/21/2016,16.530001,16.65,16.200001,16.32,15.135118,11049800
1/22/2016,16.42,16.85,16.42,16.85,15.626639,15564500
1/26/2016,16.700001,16.889999,16.549999,16.84,15.617361,13892700
1/27/2016,16.809999,17.959999,16.799999,17.82,16.526215,28371900
1/28/2016,17.84,18.309999,17.52,17.889999,16.591131,17343800
1/29/2016,18.1,18.66,17.959999,18.66,17.305227,20667000
2/1/2016,18.309999,18.549999,17.91,18.4,17.183817,12665300
2/2/2016,18.110001,18.4,17.92,17.98,16.791578,16351800
2/3/2016,18.120001,18.15,17.6,18.1,16.90365,11406600
2/4/2016,18.34,18.68,18.25,18.360001,17.146463,18556300
2/5/2016,18.4,18.65,18.08,18.139999,16.941006,10973700
2/10/2016,17.959999,18,17.57,17.940001,16.754229,11694700
2/11/2016,17.66,17.860001,17.530001,17.85,16.670172,11956300
2/12/2016,17.98,18.07,17.77,17.92,16.735546,9627500
2/15/2016,18.08,18.18,17.85,17.92,16.735546,6378400
2/16/2016,17.98,18.23,17.879999,17.969999,16.78224,10301800
2/17/2016,18.15,18.639999,18.02,18.26,17.053076,18798000
2/18/2016,18.120001,18.4,18.09,18.4,17.183817,9991500
2/19/2016,18.25,18.389999,18.110001,18.32,17.109106,6644100
2/22/2016,18.66,18.82,18.440001,18.59,17.361263,14696300
2/23/2016,18.65,18.65,18.1,18.26,17.053076,11394800
2/24/2016,18.059999,18.18,17.85,18.18,16.978363,10037500
2/25/2016,17.68,17.85,17.469999,17.709999,16.539425,15404600
2/26/2016,17.889999,17.93,17.51,17.629999,16.464714,9258400
2/29/2016,17.9,17.99,17.51,17.639999,16.474054,15340300
3/1/2016,17.780001,18.389999,17.67,18.25,17.043736,17549200
3/2/2016,18.299999,18.379999,17.950001,18.139999,16.941006,16032100
3/3/2016,18.27,18.59,18.15,18.440001,17.221176,21509400
3/4/2016,18.790001,19.200001,18.610001,19.110001,17.846891,37209600
3/7/2016,19.200001,19.389999,18.940001,19.17,17.902925,17079300
3/8/2016,19.190001,19.219999,18.84,19.049999,17.790857,23245800
3/9/2016,19.24,19.25,18.58,18.65,17.417294,21459800
3/10/2016,18.77,18.969999,18.24,18.629999,17.398617,28065400
3/11/2016,18.52,18.780001,18.040001,18.219999,17.015717,22639400
3/14/2016,18.25,18.34,17.92,18.040001,16.847614,11003000
3/15/2016,17.9,18.299999,17.799999,18.299999,17.090427,12363100
3/16/2016,18.18,18.299999,17.870001,18.290001,17.081089,12644400
3/17/2016,18.700001,18.74,18.32,18.73,17.492006,26830900
3/18/2016,18.790001,18.889999,18.370001,18.42,17.202496,27248900
3/21/2016,18.32,18.780001,18.32,18.73,17.492006,14963100
3/22/2016,18.700001,18.74,18.49,18.74,17.501345,10495100
3/23/2016,18.639999,19.09,18.6,19,17.74416,19093200
3/24/2016,18.889999,19.200001,18.84,19,17.74416,21128700
3/28/2016,19.15,19.370001,19.07,19.299999,18.024332,12398500
3/29/2016,19.32,19.57,19.26,19.34,18.061689,20856500
3/30/2016,19.5,19.5,19.120001,19.15,17.884247,11047600
3/31/2016,18.799999,18.799999,18.799999,18.799999,17.557383,21000
4/1/2016,18.83,18.83,18.83,18.83,17.585398,8300
4/4/2016,18.51,18.51,18.51,18.51,17.286551,20700
4/5/2016,18.709999,18.709999,18.709999,18.709999,17.473328,19000
4/6/2016,18.629999,18.629999,18.629999,18.629999,17.398617,29400
4/7/2016,18.549999,18.549999,18.549999,18.549999,17.323906,30500
4/8/2016,18.82,18.959999,18.4,18.57,17.342585,17390600
4/11/2016,18.200001,18.200001,18.200001,18.200001,16.99704,74200
4/12/2016,18.4,18.4,18.4,18.4,17.183817,30700
4/13/2016,18.299999,18.299999,18.299999,18.299999,17.090427,149800
4/14/2016,18.389999,18.84,18.35,18.74,17.501345,16442600
4/15/2016,18.780001,19.049999,18.690001,18.99,17.734823,14996000
4/18/2016,18.99,19.120001,18.799999,18.959999,17.706802,13475900
4/19/2016,19.120001,19.120001,19.120001,19.120001,17.85623,1900
4/20/2016,19.01,19.280001,19.01,19.200001,17.930943,13665600
4/22/2016,18.860001,19.450001,18.860001,19.16,17.893585,12394900
4/25/2016,19.200001,19.23,19.049999,19.129999,17.865568,5665400
4/26/2016,19.209999,19.25,19.059999,19.24,17.968296,13162400
4/27/2016,19.33,19.43,19.17,19.360001,18.080366,17990800
4/28/2016,19.33,19.530001,19.26,19.459999,18.173758,12272300
4/29/2016,19.33,19.530001,19.08,19.389999,18.108381,23867000
5/2/2016,19.35,19.59,19.35,19.51,18.220455,10854600
5/3/2016,19.370001,19.709999,19.209999,19.59,18.295164,14425300
5/4/2016,19.280001,19.620001,19.09,19.6,18.304502,19044400
5/5/2016,19.58,19.59,19.110001,19.139999,17.874907,11528900
5/6/2016,19.09,19.25,18.82,18.84,17.594736,11022900
5/9/2016,18.780001,19.059999,18.6,18.889999,17.641434,18522300
5/10/2016,19.1,19.110001,18.809999,19.09,17.828215,12276100
5/11/2016,19.200001,19.209999,18.809999,18.860001,17.613415,10657200
5/12/2016,18.969999,19.26,18.809999,19.18,17.912266,23591900
5/13/2016,19.25,19.25,18.709999,18.76,17.520025,10196700
5/16/2016,18.6,18.860001,18.6,18.77,17.529366,7024100
5/17/2016,18.719999,18.77,18.43,18.559999,17.333246,11191800
5/18/2016,18.49,18.67,18.370001,18.4,17.183817,12833200
5/19/2016,18.32,18.68,18.299999,18.6,17.3706,12403900
5/20/2016,18.6,18.709999,18.51,18.540001,17.314564,7364900
5/23/2016,18.32,18.51,18.309999,18.440001,17.221176,8850200
5/24/2016,18.549999,18.74,18.43,18.690001,17.454653,7050400
5/25/2016,18.75,19.17,18.68,18.98,17.725481,21104900
5/27/2016,18.950001,19.379999,18.93,19.299999,18.024332,15279900
5/30/2016,19.190001,19.26,19.07,19.15,17.884247,3844200
5/31/2016,19.1,19.23,18.950001,19.110001,17.846891,21746000
6/1/2016,18.99,19.370001,18.9,19.34,18.061689,12661800
6/2/2016,19.299999,19.309999,19.07,19.280001,18.005651,12179300
6/3/2016,19.34,19.58,19.27,19.5,18.211115,15233800
6/6/2016,19.48,19.6,19.32,19.42,18.136402,8504300
6/7/2016,19.370001,19.41,18.969999,19.09,17.828215,12665600
6/8/2016,19.049999,19.34,18.98,19.27,17.996315,16188400
6/9/2016,19.200001,19.290001,19.040001,19.16,17.893585,8340900
6/10/2016,19.15,19.15,18.719999,18.719999,17.482668,12874500
6/13/2016,18.57,18.950001,18.57,18.91,17.66011,8294300
6/14/2016,18.85,18.889999,18.42,18.57,17.342585,16105600
6/15/2016,18.6,18.76,18.299999,18.48,17.258533,18867800
6/16/2016,18.32,18.780001,18.32,18.67,17.435976,10088500
6/17/2016,18.77,18.790001,18.379999,18.610001,17.37994,15921800
6/20/2016,18.73,18.84,18.5,18.59,17.361263,12846800
6/21/2016,18.66,18.690001,18.49,18.58,17.351921,13354000
6/22/2016,18.59,18.620001,18.24,18.32,17.109106,15328400
6/23/2016,18.4,18.65,18.379999,18.51,17.286551,7669300
6/24/2016,18.1,18.540001,18.07,18.48,17.258533,11737100
6/27/2016,18.280001,18.870001,18.219999,18.709999,17.473328,10192500
6/28/2016,18.9,18.940001,18.66,18.75,17.510685,13551900
6/29/2016,18.92,19.129999,18.780001,19.02,17.762838,14591200
6/30/2016,19,19.110001,18.799999,19.049999,17.790857,15328300
7/1/2016,19.08,19.219999,18.99,19.219999,17.949621,22773000
7/4/2016,19.219999,19.290001,18.98,19.059999,17.800194,6702100
7/5/2016,18.969999,19.32,18.959999,19.290001,18.014994,13405900
7/6/2016,19.23,19.280001,18.969999,19.18,17.912266,11263900
7/7/2016,19.18,19.299999,19.01,19.1,17.837551,8916400
7/8/2016,19.18,19.57,19.1,19.4,18.11772,12468900
7/11/2016,19.450001,19.450001,19.209999,19.4,18.11772,10316000
7/12/2016,19.360001,19.389999,19.209999,19.299999,18.145929,7635600
7/13/2016,19.15,19.219999,19.02,19.1,17.957888,11305800
7/14/2016,19.200001,19.200001,19.01,19.1,17.957888,16513300
7/15/2016,19.09,19.1,18.85,18.950001,17.816858,9036700
7/18/2016,18.950001,19.1,18.91,19.059999,17.920279,11617600
7/19/2016,19.049999,19.190001,18.969999,19.17,18.023703,8953000
7/20/2016,19.120001,19.26,19.01,19.120001,17.976692,9986500
7/21/2016,19.120001,19.25,18.950001,19.200001,18.051908,7734400
7/22/2016,19.24,19.459999,19.110001,19.389999,18.230545,8907900
7/25/2016,19.32,19.42,19.190001,19.389999,18.230545,9501100
7/26/2016,19.4,19.52,19.200001,19.35,18.192942,7397400
7/27/2016,19.450001,19.450001,19.26,19.32,18.164732,6281700
7/28/2016,19.299999,19.459999,19.219999,19.440001,18.277555,7435300
7/29/2016,18.92,19.059999,18.709999,18.799999,17.675829,32575600
8/1/2016,18.889999,19.059999,18.629999,19,17.863867,10216200
8/2/2016,18.93,18.969999,18.719999,18.84,17.713434,7872000
8/3/2016,18.75,18.83,18.59,18.639999,17.525394,11627000
8/4/2016,18.74,18.809999,18.459999,18.719999,17.600611,11247300
8/5/2016,18.77,19.1,18.719999,19.1,17.957888,12098200
8/8/2016,18.99,19.32,18.99,19.25,18.098917,11238300
8/9/2016,19.25,19.34,19.120001,19.26,18.10832,7200700
8/10/2016,19.280001,19.299999,19.08,19.17,18.023703,12055400
8/11/2016,19.26,19.5,19.01,19.5,18.333971,18475900
8/12/2016,19.469999,19.780001,19.440001,19.73,18.550217,15349800
8/15/2016,19.67,20.040001,19.629999,19.940001,18.74766,8758700
8/16/2016,19.709999,20.09,19.709999,20,18.804073,11591800
8/17/2016,19.940001,20.08,19.809999,20.049999,18.851082,25444800
8/18/2016,20.049999,20.07,19.799999,19.92,18.728857,9435800
8/19/2016,19.82,19.959999,19.75,19.85,18.66304,6210900
8/22/2016,19.85,19.889999,19.530001,19.59,18.418589,10928000
8/23/2016,19.65,19.719999,19.51,19.58,18.409187,12252200
8/24/2016,19.5,19.66,19.459999,19.58,18.409187,8370100
8/25/2016,19.59,19.74,19.26,19.309999,18.155331,14061800
8/26/2016,19.42,19.42,19.09,19.190001,18.042507,11069700
8/29/2016,19.16,19.370001,19.040001,19.24,18.089516,13283200
8/30/2016,19.26,19.32,19.129999,19.24,18.089516,7788900
8/31/2016,19.219999,19.25,19.040001,19.190001,18.042507,17650700
9/1/2016,19.049999,19.73,18.99,19.67,18.493803,28002900
9/2/2016,19.77,19.870001,19.67,19.84,18.653641,16656100
9/5/2016,19.92,19.98,19.76,19.879999,18.691248,4211500
9/6/2016,19.9,20,19.83,20,18.804073,12495900
9/8/2016,19.940001,20,19.74,20,18.804073,18376900
9/9/2016,19.799999,19.879999,19.66,19.75,18.569021,17325700
9/12/2016,19.6,19.84,19.6,19.75,18.569021,14239000
9/13/2016,19.6,19.73,19.32,19.42,18.258755,15077600
9/14/2016,19.360001,19.799999,19.25,19.66,18.484404,11980200
9/15/2016,19.73,19.84,19.67,19.73,18.550217,5414000
9/16/2016,19.67,19.68,19.33,19.43,18.268156,12445900
9/19/2016,19.58,19.59,19.35,19.450001,18.286963,6147800
9/20/2016,19.549999,19.57,19.389999,19.49,18.324566,8266200
9/21/2016,19.450001,19.610001,19.290001,19.459999,18.296362,9508100
9/22/2016,19.68,19.719999,19.540001,19.67,18.493803,10250100
9/23/2016,19.799999,19.82,19.610001,19.73,18.550217,9332800
9/26/2016,19.610001,19.639999,19.49,19.620001,18.446798,7883300
9/27/2016,19.67,19.76,19.459999,19.700001,18.522013,7263100
9/28/2016,19.790001,19.91,19.690001,19.85,18.66304,8373900
9/29/2016,19.860001,19.91,19.610001,19.719999,18.540813,9568300
9/30/2016,19.719999,19.969999,19.719999,19.82,18.634834,8749600
10/3/2016,19.709999,19.83,19.66,19.75,18.569021,14082500
10/4/2016,19.780001,19.780001,19.49,19.540001,18.371582,15795000
10/5/2016,19.620001,19.74,19.549999,19.59,18.418589,8711300
10/6/2016,19.59,19.719999,19.48,19.65,18.475,13265700
10/7/2016,19.719999,19.74,19.51,19.65,18.475,10876200
10/10/2016,19.73,19.780001,19.629999,19.68,18.503204,6074500
10/11/2016,19.629999,19.68,19.389999,19.450001,18.286963,14587500
10/13/2016,19.299999,19.42,18.92,19.23,18.080116,21987200
10/14/2016,19.26,19.58,19.18,19.530001,18.362177,20405600
10/17/2016,19.48,19.74,19.35,19.559999,18.390381,9686900
10/18/2016,19.559999,19.76,19.450001,19.65,18.475,12342400
10/19/2016,19.639999,19.73,19.59,19.68,18.503204,5848100
10/20/2016,19.690001,19.74,19.540001,19.65,18.475,4586500
10/21/2016,19.67,19.860001,19.5,19.75,18.569021,21287800
10/24/2016,19.719999,19.809999,19.639999,19.700001,18.522013,10105400
10/25/2016,19.620001,19.67,19.469999,19.530001,18.362177,9277400
10/26/2016,19.49,19.620001,19.370001,19.540001,18.371582,9041700
10/27/2016,19.51,19.620001,19.43,19.5,18.333971,7798300
10/28/2016,18.799999,19.290001,18.719999,19.1,17.957888,35116800
10/31/2016,19.120001,19.18,18.83,18.83,17.704033,17591900
11/1/2016,18.790001,18.84,18.33,18.33,17.381628,19058400
11/3/2016,18.33,18.51,17.879999,17.9,16.973871,22712800
11/4/2016,17.99,18.110001,17.68,17.719999,16.803185,20353300
11/7/2016,17.940001,18.1,17.77,17.99,17.059216,11219400
11/8/2016,18,18.139999,17.790001,18.059999,17.125593,8057800
11/9/2016,17.780001,18.09,17.51,17.93,17.002319,14829200
11/10/2016,18.040001,18.23,17.51,18.049999,17.11611,28019700
11/11/2016,17.66,18.1,17.389999,17.450001,16.547153,23948700
11/14/2016,17.389999,17.59,17.190001,17.299999,16.404915,20266800
11/16/2016,17.35,17.85,17.280001,17.83,16.907494,11543000
11/17/2016,17.93,17.93,17.6,17.620001,16.708361,7932600
11/18/2016,17.620001,17.65,17.049999,17.32,16.423882,14795900
11/21/2016,17.33,17.52,17.299999,17.450001,16.547153,10984000
11/22/2016,17.639999,17.73,17.120001,17.17,16.281643,12788200
11/23/2016,17.16,17.639999,17.030001,17.639999,16.727324,11650500
11/24/2016,17.629999,17.65,17.33,17.35,16.45233,5978100
11/25/2016,17.25,17.35,17.049999,17.23,16.338537,6446100
11/28/2016,17.25,17.549999,17.16,17.549999,16.641981,8694400
11/29/2016,17.469999,17.48,17.059999,17.059999,16.177334,13470600
11/30/2016,17.290001,17.77,17.09,17.15,16.262676,20399300
12/1/2016,17,17.059999,16.5,16.629999,15.769581,28765600
12/2/2016,16.6,16.709999,16.26,16.709999,15.845441,22659500
12/5/2016,16.780001,16.870001,16.4,16.459999,15.608374,9090100
12/6/2016,16.379999,16.75,16.299999,16.75,15.883372,11012400
12/7/2016,16.83,16.889999,16.620001,16.639999,15.779063,10908100
12/8/2016,16.76,16.85,16.42,16.459999,15.608374,10189000
12/9/2016,16.540001,16.799999,16.42,16.639999,15.779063,14663500
12/12/2016,16.41,16.549999,16.030001,16.110001,15.276484,12483300
12/13/2016,16.15,16.35,16.02,16.290001,15.447172,19703600
12/14/2016,16.280001,16.469999,16.01,16.16,15.323897,20370100
12/15/2016,16.1,16.530001,16.02,16.32,15.47562,15837600
12/16/2016,16.389999,16.709999,16.34,16.68,15.816996,23240300
12/19/2016,16.6,16.75,16.280001,16.299999,15.456654,13277100
12/20/2016,16.35,16.530001,16.09,16.4,15.551478,13460100
12/21/2016,16.360001,16.51,16.25,16.34,15.494585,10466100
12/22/2016,16.219999,16.24,15.79,15.82,15.206224,13056700
12/23/2016,15.89,16.059999,15.86,16,15.379241,6730800
12/26/2016,16.02,16.32,16.02,16.18,15.552258,2621500
12/27/2016,16.200001,16.290001,16.07,16.110001,15.484973,5663900
12/28/2016,16.129999,16.299999,16.120001,16.23,15.600316,5002400
12/29/2016,16.280001,16.4,16.16,16.4,15.763721,8687000
1/2/2017,16.34,16.66,16.26,16.309999,15.677213,4265400
1/3/2017,16.5,16.67,16.440001,16.639999,15.994411,9535500
1/4/2017,16.66,16.66,16.43,16.51,15.869456,9426500
1/5/2017,16.52,16.75,16.48,16.6,15.955964,11555800
1/6/2017,16.59,16.639999,16.360001,16.459999,15.821391,7863200
1/9/2017,16.459999,16.74,16.370001,16.530001,15.888677,8753100
1/10/2017,16.620001,16.67,16.309999,16.34,15.70605,7887800
1/11/2017,16.440001,16.49,16.17,16.41,15.773334,9694800
1/12/2017,16.610001,17.02,16.549999,16.93,16.273161,18340400
1/13/2017,17.09,17.129999,16.77,17.110001,16.446177,10099300
1/16/2017,17.139999,17.200001,16.9,17.049999,16.388504,8201000
1/17/2017,16.98,17.200001,16.799999,17.200001,16.532684,18257800
1/18/2017,17.219999,17.540001,17.049999,17.26,16.590355,18812200
1/19/2017,17.27,17.5,17.15,17.299999,16.628803,10832000
1/20/2017,17.5,17.5,17.17,17.35,16.676865,9858700
1/23/2017,17.309999,17.4,17.17,17.34,16.667253,6555000
1/24/2017,17.280001,17.450001,17.129999,17.299999,16.696203,11136000
1/26/2017,17.360001,17.469999,17.299999,17.309999,16.705856,7789000
1/27/2017,17.299999,17.389999,17.02,17.32,16.715509,13214700
1/30/2017,17.24,17.32,16.889999,16.969999,16.377722,6124600
1/31/2017,16.93,17.25,16.91,17.200001,16.599695,7057100
2/1/2017,17.27,17.43,17.23,17.32,16.715509,10992500
2/2/2017,17.24,17.34,17.110001,17.16,16.561092,6398900
2/3/2017,17.07,17.4,16.940001,17.35,16.744463,13562500
2/6/2017,17.389999,17.389999,17.030001,17.07,16.474232,6596100
2/7/2017,17.1,17.26,17.02,17.02,16.425978,9300200
2/8/2017,17.030001,17.1,16.809999,16.959999,16.368071,13096700
2/9/2017,16.99,17.08,16.83,16.889999,16.300514,11002200
2/10/2017,16.889999,17.23,16.790001,17.139999,16.541788,12688200
2/13/2017,17.209999,17.370001,17.059999,17.25,16.647951,9005500
2/14/2017,17.280001,17.530001,17.23,17.379999,16.773415,10668300
2/15/2017,17.5,18.08,17.459999,18.02,17.391077,18161900
2/16/2017,17.889999,18.059999,17.85,17.969999,17.342821,12169400
2/17/2017,17.950001,18.01,17.799999,17.9,17.275267,7025800
2/20/2017,17.98,18.01,17.780001,17.84,17.21736,3507600
2/21/2017,17.93,18.1,17.85,18.07,17.439331,8323600
2/22/2017,18.120001,18.4,18.110001,18.280001,17.642002,11232800
2/23/2017,18.309999,18.59,18.110001,18.129999,17.497236,10925500
2/24/2017,18,18.09,17.790001,17.84,17.21736,12946300
3/1/2017,17.99,18.16,17.82,17.91,17.284916,8762400
3/2/2017,17.299999,17.469999,17.15,17.209999,16.609344,19515700
3/3/2017,17.27,17.440001,17.08,17.389999,16.783064,12016300
3/6/2017,17.34,17.379999,17.01,17.25,16.647951,11989900
3/7/2017,17.200001,17.219999,16.82,16.82,16.232958,17651100
3/8/2017,16.83,17.23,16.75,17.120001,16.522488,21297600
3/9/2017,17.1,17.379999,17.059999,17.299999,16.696203,13084700
3/10/2017,17.35,17.469999,17.25,17.299999,16.696203,12386500
3/13/2017,17.35,17.49,17.299999,17.360001,16.75411,6258700
3/14/2017,17.309999,17.41,17.1,17.1,16.503185,7321400
3/15/2017,17.01,17.34,17.01,17.299999,16.696203,12800100
3/16/2017,17.309999,17.389999,17.129999,17.280001,16.676905,5855300
3/17/2017,17.34,17.459999,17.1,17.209999,16.609344,17182600
3/20/2017,17.35,17.780001,17.120001,17.639999,17.02434,14252900
3/21/2017,17.700001,17.700001,17.379999,17.42,16.812017,10175600
3/22/2017,17.370001,17.469999,17.15,17.309999,16.705856,8537200
3/23/2017,17.190001,17.59,17.129999,17.440001,16.83132,9162800
3/24/2017,17.43,17.629999,17.42,17.629999,17.014685,7812100
3/27/2017,17.530001,17.83,17.5,17.790001,17.169104,8736700
3/28/2017,17.75,17.940001,17.690001,17.940001,17.313869,9862500
3/29/2017,17.940001,18.18,17.879999,18.18,17.54549,9521200
3/30/2017,18.17,18.33,18.07,18.27,17.632351,9191600
3/31/2017,18.219999,18.370001,18.17,18.24,17.603397,12291400
4/3/2017,18.200001,18.24,18,18,17.371773,13499300
4/4/2017,18.01,18.110001,17.879999,18.110001,17.477936,5538800
4/5/2017,18.08,18.18,17.809999,17.879999,17.25596,8734100
4/6/2017,17.879999,18.049999,17.77,17.98,17.352472,9731500
4/7/2017,18,18.129999,17.92,18.049999,17.420029,8071400
4/10/2017,18.1,18.139999,17.91,18,17.371773,15477000
4/11/2017,18,18.059999,17.4,17.620001,17.005037,24885700
4/12/2017,17.65,17.82,17.559999,17.67,17.053291,19716200
4/13/2017,17.57,17.91,17.5,17.76,17.14015,15008500
4/17/2017,17.799999,18.139999,17.719999,18.059999,17.42968,11646300
4/18/2017,18.01,18.24,18.01,18.16,17.52619,11850500
4/19/2017,18.17,18.190001,17.99,18.1,17.468285,24670100
4/20/2017,17.99,18.190001,17.92,17.98,17.352472,11200800
4/24/2017,18.15,18.18,17.959999,18.030001,17.400728,9175400
4/25/2017,18.030001,18.4,17.969999,18.32,17.680607,12074400
4/26/2017,18.299999,18.309999,18.1,18.209999,17.574442,8025000
4/27/2017,18.219999,18.24,18.01,18.200001,17.564796,12905300
4/28/2017,18.200001,18.4,18.120001,18.26,17.6227,10489400
5/2/2017,18.370001,18.629999,18.27,18.57,17.921881,11291100
5/3/2017,18.57,18.629999,18.34,18.559999,17.91223,9659800
5/4/2017,18.6,19.23,18.469999,19.030001,18.365828,35564100
5/5/2017,18.940001,19.030001,18.860001,18.9,18.240364,8540800
5/8/2017,18.84,18.93,18.77,18.889999,18.230711,9409800
5/9/2017,18.940001,19.059999,18.799999,18.950001,18.288618,11333100
5/10/2017,19,19.25,18.940001,19.190001,18.520243,11358800
5/11/2017,19.15,19.58,19.120001,19.530001,18.848377,22824200
5/12/2017,19.57,19.790001,19.48,19.690001,19.002792,10667500
5/15/2017,19.700001,19.85,19.48,19.74,19.051046,10826700
5/16/2017,19.68,19.860001,19.610001,19.82,19.128256,13418200
5/17/2017,19.67,19.92,19.51,19.639999,18.954536,12218500
5/18/2017,18.25,19.209999,18.049999,18.799999,18.143852,47330400
5/19/2017,18.68,18.99,18.4,18.620001,17.970137,27409800
5/22/2017,18.440001,18.83,18.440001,18.57,17.921881,25852800
5/23/2017,18.57,18.98,18.57,18.889999,18.230711,16500500
5/24/2017,19.08,19.139999,18.84,18.860001,18.201759,10225100
5/25/2017,18.959999,19.040001,18.77,18.92,18.259663,8864900
5/26/2017,19,19.08,18.83,19.030001,18.365828,11820600
5/30/2017,18.91,18.940001,18.790001,18.790001,18.134201,9445200
5/31/2017,18.809999,18.879999,18.620001,18.709999,18.056993,15346500
6/1/2017,18.719999,18.83,18.530001,18.549999,17.902576,17828200
6/2/2017,18.610001,18.76,18.309999,18.57,17.921881,27939700
6/5/2017,18.52,18.98,18.5,18.91,18.250013,16514200
6/6/2017,18.860001,19.18,18.85,19.07,18.404428,15896400
6/7/2017,19.15,19.209999,18.74,18.84,18.182457,12376100
6/8/2017,18.73,18.790001,18.530001,18.530001,17.883278,13847400
6/9/2017,18.620001,18.67,17.98,18.110001,17.477936,19905900
6/12/2017,18.059999,18.200001,17.93,18.08,17.448982,14460500
6/13/2017,18.110001,18.42,18.110001,18.389999,17.748161,13088100
6/14/2017,18.360001,18.49,18,18.18,17.54549,25729100
6/16/2017,18.219999,18.219999,17.74,17.780001,17.159452,45495200
6/19/2017,17.84,17.99,17.66,17.870001,17.246313,18928600
6/20/2017,17.889999,18.27,17.809999,18.07,17.439331,22831800
6/21/2017,18.08,18.27,17.99,18.129999,17.497236,11833200
6/22/2017,18.16,18.32,18.1,18.200001,17.564796,7722900
6/23/2017,18.299999,18.309999,18.110001,18.24,17.603397,4632600
6/26/2017,18.23,18.389999,18.17,18.27,17.788389,7566700
6/27/2017,18.27,18.360001,18.059999,18.290001,17.807861,23318500
6/28/2017,18.370001,18.41,18.139999,18.299999,17.817598,8752100
6/29/2017,18.299999,18.360001,18.1,18.25,17.768915,6348800
6/30/2017,18.27,18.42,18.25,18.309999,17.827335,6962800
7/3/2017,18.360001,18.440001,18.200001,18.280001,17.798126,5363900
7/4/2017,18.190001,18.309999,18.190001,18.24,17.75918,2688500
7/5/2017,18.219999,18.379999,18.129999,18.219999,17.739706,9175800
7/6/2017,18.219999,18.24,17.719999,17.780001,17.311308,19322100
7/7/2017,17.870001,18.16,17.83,18.02,17.544981,14318800
7/10/2017,18.049999,18.379999,18,18.309999,17.827335,10145800
7/11/2017,18.309999,18.629999,18.219999,18.52,18.031801,10168100
7/12/2017,18.6,18.77,18.48,18.65,18.158373,13173900
7/13/2017,18.74,18.76,18.549999,18.68,18.187582,6512600
7/14/2017,18.690001,18.83,18.66,18.75,18.255737,5519500
7/17/2017,18.799999,18.92,18.709999,18.84,18.343365,10153300
7/18/2017,18.879999,18.879999,18.65,18.75,18.255737,6024000
7/19/2017,18.879999,18.879999,18.66,18.82,18.323891,10751400
7/20/2017,18.76,18.889999,18.709999,18.780001,18.284946,7844500
7/21/2017,18.73,18.85,18.66,18.809999,18.314154,3845600
7/24/2017,18.82,18.92,18.76,18.82,18.323891,4274500
7/25/2017,18.879999,18.99,18.84,18.879999,18.382309,13671700
7/26/2017,18.85,18.950001,18.75,18.83,18.333628,6330200
7/27/2017,18.879999,19.41,18.879999,19.110001,18.606249,19358200
7/28/2017,18.959999,19.219999,18.92,19.1,18.59651,10988300
7/31/2017,19.09,19.370001,19.07,19.15,18.645193,15242400
8/1/2017,19.16,19.299999,19.09,19.24,18.732821,8865400
8/2/2017,19.17,19.43,19.139999,19.4,18.888601,14957200
8/3/2017,19.370001,19.4,19.23,19.26,18.752295,9970100
8/4/2017,19.280001,19.309999,19.1,19.26,18.752295,8045200
8/7/2017,19.25,19.43,19.16,19.35,18.83992,11358100
8/8/2017,19.309999,19.559999,19.290001,19.389999,18.878866,9884300
8/9/2017,19.290001,19.450001,19.219999,19.42,18.908075,4751100
8/10/2017,19.370001,19.450001,19.219999,19.4,18.888601,10295700
8/11/2017,19.540001,19.58,19.41,19.52,19.00544,11513400
8/14/2017,19.5,19.83,19.459999,19.709999,19.19043,14955300
8/15/2017,19.76,19.9,19.690001,19.780001,19.258587,11605500
8/16/2017,19.860001,19.91,19.700001,19.809999,19.287794,14771800
8/17/2017,19.75,19.85,19.68,19.790001,19.268324,5673300
8/18/2017,19.82,19.83,19.65,19.76,19.239113,13220100
8/21/2017,19.76,19.809999,19.68,19.74,19.219641,13183900
8/22/2017,19.85,19.969999,19.629999,19.75,19.229378,17661900
8/23/2017,19.690001,19.9,19.620001,19.84,19.317001,8926700
8/24/2017,19.870001,19.91,19.74,19.799999,19.278057,13754800
8/25/2017,19.77,19.9,19.77,19.85,19.32674,6472500
8/28/2017,19.85,19.9,19.75,19.85,19.32674,4165300
8/29/2017,19.809999,19.92,19.799999,19.9,19.37542,4590700
8/30/2017,19.959999,20,19.74,19.879999,19.355946,8532700
8/31/2017,19.77,19.91,19.77,19.860001,19.336475,11193000
9/1/2017,19.93,19.959999,19.76,19.76,19.239113,17630300
9/4/2017,19.76,19.809999,19.6,19.73,19.209904,12235200
9/5/2017,19.9,19.940001,19.709999,19.82,19.297529,18386200
9/6/2017,19.93,20.27,19.889999,20.129999,19.599358,20127000
9/8/2017,20.35,20.370001,19.889999,20.1,19.570148,14593900
9/11/2017,20.16,20.4,20.129999,20.26,19.725931,11151500
9/12/2017,20.389999,21.209999,20.34,21.01,20.456161,28439700
9/13/2017,21,21.32,20.93,21.18,20.621681,11039100
9/14/2017,21.18,21.360001,21.040001,21.190001,20.631418,8081100
9/15/2017,21.33,21.459999,21.09,21.459999,20.894299,26245400
9/18/2017,21.42,21.469999,21.120001,21.200001,20.641153,13922900
9/19/2017,21.200001,21.48,21.17,21.4,20.835882,10078900
9/20/2017,21.360001,21.48,21.200001,21.48,20.913773,17051700
9/21/2017,21.5,21.700001,21.27,21.360001,20.796938,9042900
9/22/2017,21.379999,21.620001,21.360001,21.52,20.952719,12365600
9/25/2017,21.52,21.58,21.360001,21.5,20.933247,8295000
9/26/2017,21.6,21.6,21.110001,21.18,20.621681,24397700
9/27/2017,21.27,21.280001,20.83,21.1,20.543791,13320700
9/28/2017,21.18,21.209999,21.030001,21.059999,20.504845,10429400
9/29/2017,21.120001,21.190001,20.83,21.040001,20.485373,13225300
10/2/2017,20.92,20.92,20.48,20.700001,20.154335,17620100
10/3/2017,20.68,21.51,20.59,21.42,20.855354,20186000
10/4/2017,21.370001,21.5,21.08,21.200001,20.641153,13302000
10/5/2017,21.35,21.549999,21.190001,21.23,20.670362,17195000
10/6/2017,21.110001,21.129999,20.889999,21.07,20.51458,7564200
10/9/2017,20.959999,21.200001,20.870001,21.07,20.51458,5283100
10/10/2017,21.309999,21.83,21.200001,21.559999,20.991661,32801000
10/11/2017,21.610001,21.74,21.43,21.629999,21.059816,26552700
10/13/2017,21.85,22.700001,21.809999,22.129999,21.546637,26243900
10/16/2017,22.25,22.25,21.76,21.92,21.342173,13271300
10/17/2017,21.92,21.99,21.639999,21.75,21.176653,7051900
10/18/2017,21.799999,21.940001,21.68,21.780001,21.205864,14515700
10/19/2017,21.700001,21.860001,21.459999,21.83,21.254545,7696100
10/20/2017,21.83,21.91,21.459999,21.530001,20.962454,11901300
10/23/2017,21.65,21.65,21.18,21.299999,20.738516,8081700
10/24/2017,21.440001,21.440001,21.24,21.32,20.75799,11173800
10/25/2017,21.4,21.450001,20.82,21.190001,20.631418,15875200
10/26/2017,21.280001,21.299999,20.85,21.040001,20.485373,11557100
10/27/2017,21.16,21.33,20.889999,20.91,20.358797,14504400
10/30/2017,20.870001,20.99,20.65,20.959999,20.407478,17553000
10/31/2017,21.049999,21.17,20.74,20.9,20.34906,14383100
11/1/2017,21,21.219999,20.74,20.74,20.193279,16742000
11/3/2017,20.74,20.780001,20.43,20.6,20.056969,20765200
11/6/2017,20.65,20.74,20.389999,20.540001,19.99855,12867100
11/7/2017,20.43,20.530001,20.1,20.200001,19.667513,17643000
11/8/2017,20.15,20.41,19.860001,20.27,19.735668,19153700
11/9/2017,20.34,20.370001,20.07,20.219999,19.686985,12872400
11/10/2017,20.32,20.370001,19.950001,20.209999,19.677248,15202100
11/13/2017,20.200001,20.34,19.99,20.219999,19.686985,9161800
11/14/2017,20.27,20.389999,20.200001,20.200001,19.667513,14925800
11/16/2017,20.219999,20.59,20.190001,20.42,19.881714,15850600
11/17/2017,20.389999,20.68,20.299999,20.540001,19.99855,9254300
11/21/2017,20.68,20.950001,20.51,20.809999,20.261435,13285900
11/22/2017,20.709999,21.030001,20.700001,20.83,20.280907,16883600
11/23/2017,20.75,20.85,20.51,20.709999,20.164068,5661300
11/24/2017,20.66,20.74,20.52,20.620001,20.076443,4749100
11/27/2017,20.6,20.780001,20.360001,20.74,20.193279,8687300
11/28/2017,20.77,20.98,20.639999,20.780001,20.232225,15988200
11/29/2017,20.959999,20.959999,20.51,20.559999,20.018023,15064800
11/30/2017,20.5,20.709999,20.35,20.559999,20.018023,24640800
12/1/2017,20.450001,20.52,20.299999,20.450001,19.910925,7933800
12/4/2017,20.49,20.74,20.4,20.58,20.037497,11058600
12/5/2017,20.51,20.9,20.48,20.549999,20.008287,15592800
12/6/2017,20.41,20.799999,20.41,20.709999,20.164068,8274000
12/7/2017,20.540001,20.799999,20.360001,20.719999,20.173805,12967300
12/8/2017,20.790001,21.1,20.74,21.02,20.465899,18886800
12/11/2017,21.049999,21.18,20.93,21.15,20.59247,13067700
12/12/2017,21.1,21.5,20.940001,21.5,20.933247,23500800
12/13/2017,21.65,21.719999,21.01,21.049999,20.495106,27138100
12/14/2017,21.1,21.1,20.75,20.969999,20.417215,18025500
12/15/2017,20.9,21.09,20.790001,20.9,20.34906,18692900
12/18/2017,20.969999,21.059999,20.790001,20.91,20.358797,18404300
12/19/2017,20.639999,20.65,20.459999,20.59,20.348917,8259800
12/20/2017,20.6,20.719999,20.559999,20.700001,20.457628,8924800
12/21/2017,20.700001,21.049999,20.6,20.969999,20.724464,18289100
12/22/2017,20.950001,21.139999,20.780001,21.030001,20.783764,9495400
12/26/2017,21.030001,21.34,20.91,21.25,21.001186,8193200
12/27/2017,21.27,21.469999,21.27,21.4,21.149429,5441900
12/28/2017,21.4,21.450001,21.23,21.280001,21.030836,9896000
1/2/2018,21.33,21.75,21.17,21.690001,21.436035,12717900
1/3/2018,21.559999,21.969999,21.559999,21.74,21.485451,9389900
1/4/2018,21.74,21.82,21.49,21.620001,21.366856,9150100
1/5/2018,21.620001,21.75,21.540001,21.700001,21.445919,11510200
1/8/2018,21.700001,21.700001,21.49,21.66,21.406385,7074000
1/9/2018,21.65,21.690001,21.52,21.6,21.34709,5850700
1/10/2018,21.450001,21.719999,21.440001,21.6,21.34709,5434100
1/11/2018,21.700001,21.870001,21.52,21.85,21.594162,8663800
1/12/2018,21.690001,21.940001,21.459999,21.6,21.34709,15529600
1/15/2018,21.6,21.85,21.6,21.82,21.564512,4853800
1/16/2018,21.82,22.07,21.799999,21.9,21.643576,9196800
1/17/2018,21.950001,22.059999,21.799999,22.030001,21.772055,11318200
1/18/2018,21.92,22.08,21.84,21.92,21.663343,7703100
1/19/2018,21.99,22.059999,21.83,22,21.742405,10712900
1/22/2018,21.889999,21.99,21.84,21.9,21.643576,9900600
1/23/2018,21.889999,22,21.66,21.82,21.564512,9624900
1/24/2018,21.959999,22.030001,21.620001,21.889999,21.633694,21173700
1/26/2018,21.91,21.93,21.709999,21.879999,21.62381,14872900
1/29/2018,21.799999,21.85,21.68,21.84,21.58428,8321700
1/30/2018,21.73,22,21.73,21.870001,21.613928,12080100
1/31/2018,21.959999,22.26,21.92,21.950001,21.692993,12252600
2/1/2018,22.030001,22.52,22.030001,22.23,22.039999,23424100
2/2/2018,21.92,22.110001,21.690001,22.01,21.82188,12316800
2/5/2018,21.84,22,21.68,21.68,21.494701,12556400
2/6/2018,21.52,21.84,21.1,21.620001,21.435215,18958500
2/7/2018,21.68,22.030001,21.48,21.620001,21.435215,12915900
2/8/2018,21.709999,21.92,21.51,21.66,21.474873,20079400
2/9/2018,21.58,21.790001,21.25,21.49,21.306324,17136400
2/14/2018,21.709999,22.4,21.66,22.24,22.049913,17857000
2/15/2018,22.24,22.450001,22.219999,22.299999,22.109402,10312600
2/16/2018,22.27,22.52,22.049999,22.43,22.238291,13084500
2/19/2018,22.469999,22.51,22.200001,22.34,22.149059,2501800
2/20/2018,22.23,22.709999,22.15,22.709999,22.515896,15588100
2/21/2018,22.780001,22.82,22.370001,22.4,22.208548,22576300
2/22/2018,22.450001,22.5,22.25,22.42,22.228376,16270400
2/23/2018,22.48,22.65,21.82,21.969999,21.782221,32687400
2/26/2018,22.219999,22.24,21.799999,22.15,21.960684,19128700
2/27/2018,22.25,22.35,22.049999,22.219999,22.030085,9223300
2/28/2018,22.299999,22.389999,22,22,21.811966,62731700
3/1/2018,22.68,22.74,22.1,22.34,22.149059,20943200
3/2/2018,22.219999,22.58,22.02,22.58,22.387009,13813000
3/5/2018,22.4,22.82,22.379999,22.52,22.327522,13439700
3/6/2018,22.57,22.92,22.440001,22.77,22.575384,16957900
3/7/2018,22.74,23.16,22.639999,23.07,22.87282,13617400
3/8/2018,22.959999,23.48,22.940001,23.299999,23.100855,16683100
3/9/2018,23.35,23.549999,23.24,23.440001,23.239658,10929200
3/12/2018,23.440001,24.139999,23.32,23.98,23.775042,18557700
3/13/2018,24.02,24.15,23.73,23.959999,23.755213,8862600
3/14/2018,23.82,24.34,23.82,24.27,24.062565,8575500
3/15/2018,24.059999,24.299999,23.799999,23.879999,23.675896,20333500
3/16/2018,23.799999,23.98,23.540001,23.610001,23.408205,20736400
3/19/2018,23.48,23.799999,23.309999,23.790001,23.586668,9433700
3/20/2018,23.950001,23.950001,23.57,23.690001,23.487522,8410300
3/21/2018,23.620001,24.07,23.559999,23.889999,23.685812,9439300
3/22/2018,23.99,24.08,23.73,24.01,23.804787,10445800
3/23/2018,23.780001,24.15,23.780001,23.92,23.715555,8839900
3/26/2018,24.15,24.15,23.67,24,23.794872,9371800
3/27/2018,23.959999,24.07,23.68,23.84,23.63624,10656100
3/28/2018,23.68,23.969999,23.6,23.82,23.616409,8930200
3/29/2018,23.82,24.209999,23.780001,24.07,23.864273,12454500
4/2/2018,24.07,24.129999,23.75,23.85,23.646154,5557700
4/3/2018,23.9,24.200001,23.870001,24.200001,23.993164,9681500
4/4/2018,23.889999,24.280001,23.860001,24.190001,23.983248,12759600
4/5/2018,24.389999,24.559999,24.030001,24.030001,23.824615,12111900
4/6/2018,23.52,23.52,22.92,23.25,23.051283,24189300
4/9/2018,23.059999,23.469999,23.059999,23.290001,23.09094,16524900
4/10/2018,23.42,23.85,23.27,23.799999,23.596581,15457400
4/11/2018,23.610001,24.049999,23.610001,23.85,23.646154,11508300
4/12/2018,23.959999,24,23.209999,23.290001,23.09094,12543200
4/13/2018,23.280001,23.43,23.030001,23.26,23.061197,13368500
4/16/2018,23.26,23.379999,22.85,22.98,22.783588,21613800
4/17/2018,23.02,23.26,22.77,23.110001,22.912479,11712400
4/18/2018,23.23,23.530001,23.049999,23.35,23.150427,21079600
4/19/2018,23.219999,23.5,23.139999,23.5,23.299145,15997900
4/20/2018,23.450001,23.51,23.209999,23.43,23.229744,8479200
4/23/2018,23.309999,23.549999,23.23,23.450001,23.249573,8104000
4/24/2018,23.52,23.65,23.280001,23.309999,23.110769,11955300
4/25/2018,23.219999,23.35,23.1,23.17,22.971966,9453300
4/26/2018,23.16,23.59,23.16,23.309999,23.110769,12020200
4/27/2018,23.51,23.52,23.18,23.18,22.98188,8596100
4/30/2018,23.23,23.48,23.219999,23.33,23.130598,6094800
5/2/2018,23.17,23.35,22.540001,22.67,22.47624,19421600
5/3/2018,22.540001,22.860001,22.530001,22.6,22.406837,11561100
5/4/2018,22.469999,22.780001,22.42,22.5,22.307692,23312500
5/7/2018,22.629999,22.68,22.23,22.34,22.149059,12905400
5/8/2018,22.25,22.719999,22.23,22.440001,22.248205,23215000
5/9/2018,22.35,22.35,21.84,21.91,21.722734,32018000
5/10/2018,22.040001,22.07,21.690001,21.799999,21.613674,27321400
5/11/2018,21.799999,21.92,21.629999,21.85,21.663248,9202600
5/14/2018,21.860001,22,21.690001,21.709999,21.524443,13097400
5/15/2018,21.51,21.58,21.35,21.459999,21.276581,13753400
5/16/2018,21.389999,21.74,21.34,21.51,21.326155,15282900
5/17/2018,21.440001,21.49,21,21.09,20.909744,23567200
5/18/2018,20.809999,20.889999,20.23,20.629999,20.453674,64364800
5/21/2018,20.59,20.780001,20.219999,20.299999,20.126495,27295100
5/22/2018,20.450001,20.450001,20.040001,20.15,19.977777,26645200
5/23/2018,20.059999,20.299999,20.030001,20.049999,19.878632,19890600
5/24/2018,19.92,20.389999,19.870001,20.33,20.156239,21344000
5/25/2018,20.280001,20.360001,19.969999,20.16,19.987692,23578900
5/28/2018,19.870001,20.08,19.549999,19.76,19.591112,12122600
5/29/2018,19.799999,19.959999,19.389999,19.59,19.422564,21280400
5/30/2018,19.559999,19.93,19.440001,19.690001,19.521709,32485100
6/1/2018,19.6,20.09,19.6,19.940001,19.769573,14595000
6/4/2018,20.15,20.32,20,20.040001,19.868719,11908700
6/5/2018,20.02,20.18,19.73,19.76,19.591112,19039400
6/6/2018,19.719999,19.84,19.379999,19.530001,19.363077,17144300
6/7/2018,19.190001,19.620001,18.92,19.08,18.916924,32312300
6/8/2018,19.110001,19.190001,18.82,18.959999,18.797947,18958000
6/11/2018,18.92,19.18,18.85,18.99,18.827692,14660000
6/12/2018,18.940001,19.08,18.76,18.879999,18.718632,15225500
6/13/2018,18.9,18.959999,18.5,18.709999,18.550085,16002800
6/14/2018,18.77,19.18,18.719999,18.93,18.768206,20899000
6/15/2018,18.9,18.969999,18.4,18.719999,18.559999,33244000
6/18/2018,18.299999,18.73,18.15,18.540001,18.540001,19846300
6/19/2018,18.530001,18.99,18.4,18.799999,18.799999,18676900
6/20/2018,18.92,18.93,18.42,18.540001,18.540001,19540200
6/21/2018,18.5,18.67,18.129999,18.129999,18.129999,12710600
6/22/2018,18.25,18.5,18.059999,18.16,18.16,10671500
6/25/2018,18.200001,18.450001,18.139999,18.219999,18.219999,10669300
6/26/2018,18.27,18.32,17.790001,18.09,18.09,19940100
6/27/2018,17.940001,18.219999,17.870001,17.950001,17.950001,11532700
6/28/2018,17.93,18.18,17.84,18.01,18.01,10416400
6/29/2018,18.09,18.309999,17.93,17.98,17.98,13306900
7/2/2018,17.93,18.24,17.799999,18.139999,18.139999,7294300
7/3/2018,18.139999,18.41,18.09,18.09,18.09,10977800
7/4/2018,18.110001,18.24,17.98,18.1,18.1,7882400
7/5/2018,18.15,18.43,18.01,18.4,18.4,11574400
7/6/2018,18.4,18.4,17.98,18.09,18.09,19331000
7/10/2018,18.139999,18.209999,18.01,18.190001,18.190001,12608800
7/11/2018,18.200001,18.26,17.799999,17.91,17.91,13464200
7/12/2018,17.91,18.299999,17.91,18.24,18.24,18946300
7/13/2018,18.25,18.48,18.17,18.440001,18.440001,11875400
7/16/2018,18.530001,19.030001,18.530001,18.950001,18.950001,18208300
7/17/2018,18.959999,19.370001,18.91,19.17,19.17,14126700
7/18/2018,19.110001,19.23,18.66,18.76,18.76,11851300
7/19/2018,18.610001,18.879999,18.450001,18.879999,18.879999,10294600
7/20/2018,19.200001,19.280001,18.700001,18.790001,18.790001,14247100
7/23/2018,18.790001,18.91,18.52,18.65,18.65,6126000
7/24/2018,18.75,19.040001,18.67,18.969999,18.969999,13453000
7/25/2018,18.969999,19,18.690001,18.9,18.9,14883100
7/26/2018,19.65,19.940001,19.51,19.889999,19.889999,33046900
7/27/2018,19.950001,20.299999,19.709999,19.809999,19.809999,16978200
7/30/2018,19.66,19.790001,19.559999,19.700001,19.700001,12744700
7/31/2018,19.700001,19.790001,19.24,19.41,19.41,13110300
8/1/2018,19.450001,19.709999,19.360001,19.450001,19.450001,9261100
8/2/2018,19.299999,19.440001,19.209999,19.290001,19.290001,8645900
8/3/2018,19.379999,19.58,19.209999,19.299999,19.299999,13735700
8/6/2018,19.35,19.41,19.17,19.299999,19.299999,6327100
8/7/2018,19.299999,19.34,19.059999,19.17,19.17,14107500
8/8/2018,19.120001,19.33,19.02,19.16,19.16,21203400
8/9/2018,19.120001,19.440001,19.1,19.27,19.27,14312100
8/10/2018,19.16,19.219999,18.889999,18.91,18.91,18932500
8/13/2018,18.83,19.209999,18.700001,19.139999,19.139999,10336600
8/14/2018,19.27,19.459999,19.1,19.41,19.41,20005300
8/15/2018,19.200001,19.59,19.200001,19.42,19.42,17960100
8/16/2018,19.34,19.43,18.969999,19.01,19.01,10816900
8/17/2018,18.950001,19.299999,18.57,19.18,19.18,20326000
8/20/2018,19.049999,19.26,18.92,19.15,19.15,13221500
8/21/2018,19.030001,19.280001,18.85,18.98,18.98,11065800
8/22/2018,18.98,19.040001,18.76,18.9,18.9,11062000
8/23/2018,18.93,19.16,18.75,18.940001,18.940001,14962400
8/24/2018,18.959999,19.16,18.940001,19.07,19.07,13921900
8/27/2018,19.1,19.26,19.030001,19.129999,19.129999,14945900
8/28/2018,19.129999,19.15,19,19.1,19.1,11838900
